작성자,날짜,평점,리뷰
yimh******,25.02.27.,5,25.02.27.
jsw0***,25.02.27.,4,25.02.27.
ksun***,25.02.27.,5,25.02.27.
ki_y*******,25.02.27.,5,25.02.27.
cd45****,25.02.27.,5,25.02.27.
love*****,25.02.27.,5,25.02.27.
jopo****,25.02.27.,1,25.02.27.
alst****,25.02.26.,5,25.02.26.
oran*****,25.02.26.,5,25.02.26.
hyel******,25.02.26.,5,25.02.26.
iove*****,25.02.26.,5,25.02.26.
p-p1***,25.02.26.,5,25.02.26.
prid***,25.02.26.,5,25.02.26.
khj3***,25.02.26.,4,25.02.26.
gpsy****,25.02.26.,5,25.02.26.
m_****,25.02.26.,4,25.02.26.
jm01***,25.02.26.,5,25.02.26.
didg******,25.02.26.,5,25.02.26.
kitt*****,25.02.26.,5,25.02.26.
rnjs******,25.02.26.,5,25.02.26.
hysg******,25.02.26.,5,25.02.26.
mm****,25.02.26.,5,25.02.26.
tfkl***,25.02.26.,5,25.02.26.
ttkh*****,25.02.26.,5,25.02.26.
ddoh*****,25.02.26.,5,25.02.26.
kss1****,25.02.26.,5,25.02.26.
jihy****,25.02.26.,5,25.02.26.
chos******,25.02.26.,5,25.02.26.
8644***,25.02.25.,5,25.02.25.
dpfl****,25.02.25.,5,25.02.25.
dpfl****,25.02.25.,4,25.02.25.
ru****,25.02.25.,5,25.02.25.
lllo********,25.02.25.,5,25.02.25.
lily******,25.02.25.,5,25.02.25.
l990****,25.02.25.,5,25.02.25.
skyg*******,25.02.25.,5,25.02.25.
whti*****,25.02.25.,5,25.02.25.
vn****,25.02.25.,5,25.02.25.
c_hi******,25.02.25.,5,25.02.25.
love*****,25.02.25.,5,25.02.25.
rlat********,25.02.25.,5,25.02.25.
znlw******,25.02.25.,5,25.02.25.
wonj*******,25.02.25.,5,25.02.25.
thak*****,25.02.25.,5,25.02.25.
dlal*******,25.02.25.,5,25.02.25.
mama****,25.02.25.,5,25.02.25.
mama****,25.02.25.,5,25.02.25.
soje******,25.02.25.,3,25.02.25.
dbsl***,25.02.25.,5,25.02.25.
alsw*****,25.02.24.,3,25.02.24.
fhal****,25.02.24.,5,25.02.24.
nail****,25.02.24.,5,25.02.24.
anwj***,25.02.24.,5,25.02.24.
rmaw****,25.02.24.,4,25.02.24.
ta****,25.02.24.,5,25.02.24.
pcsn***,25.02.24.,5,25.02.24.
qowl*****,25.02.24.,5,25.02.24.
audw****,25.02.24.,5,25.02.24.
j_vo***,25.02.23.,5,25.02.23.
qkrw********,25.02.23.,4,25.02.23.
qkde****,25.02.23.,5,25.02.23.
siny****,25.02.23.,5,25.02.23.
gyp0****,25.02.23.,5,25.02.23.
0103*******,25.02.23.,5,25.02.23.
dk****,25.02.23.,5,25.02.23.
kjy9******,25.02.23.,4,25.02.23.
csjr***,25.02.23.,5,25.02.23.
tjsw*****,25.02.23.,5,25.02.23.
swee*******,25.02.23.,5,25.02.23.
ente******,25.02.23.,5,25.02.23.
ging***,25.02.23.,4,25.02.23.
s536****,25.02.23.,5,25.02.23.
dkff*****,25.02.22.,5,25.02.22.
dbwl******,25.02.22.,5,25.02.22.
lims*******,25.02.22.,5,25.02.22.
chlg*******,25.02.22.,4,25.02.22.
kaes****,25.02.22.,5,25.02.22.
bmyb*****,25.02.22.,5,25.02.22.
shin********,25.02.22.,5,25.02.22.
hunj******,25.02.22.,5,25.02.22.
wodn*****,25.02.22.,5,25.02.22.
kiki***,25.02.22.,5,25.02.22.
emil*****,25.02.21.,5,25.02.21.
star*********,25.02.21.,5,25.02.21.
love****,25.02.21.,5,25.02.21.
tjsa*****,25.02.21.,4,25.02.21.
sost****,25.02.21.,5,25.02.21.
5zig*******,25.02.21.,5,25.02.21.
wken******,25.02.21.,5,25.02.21.
jhjg*****,25.02.21.,5,25.02.21.
khek******,25.02.21.,4,25.02.21.
fbwl****,25.02.21.,5,25.02.21.
2264****,25.02.21.,5,25.02.21.
rjsg****,25.02.20.,5,25.02.20.
dbwl*****,25.02.20.,5,25.02.20.
sjys******,25.02.20.,5,25.02.20.
yd00****,25.02.20.,5,25.02.20.
smar********,25.02.20.,5,25.02.20.
dj****,25.02.20.,5,25.02.20.
toge********,25.02.20.,5,25.02.20.
dusw****,25.02.20.,5,25.02.20.
s2on****,25.02.20.,5,25.02.20.
ybr9***,25.02.20.,5,25.02.20.
qwe6***,25.02.20.,5,25.02.20.
gods****,25.02.20.,5,25.02.20.
0119*******,25.02.20.,5,25.02.20.
gkdu*****,25.02.20.,5,25.02.20.
nm****,25.02.20.,4,25.02.20.
2167***,25.02.20.,5,25.02.20.
dudn****,25.02.20.,5,25.02.20.
kyd9***,25.02.20.,5,25.02.20.
deh0***,25.02.19.,5,25.02.19.
lk****,25.02.19.,5,25.02.19.
seon*******,25.02.19.,5,25.02.19.
shop********,25.02.19.,5,25.02.19.
puj6***,25.02.19.,5,25.02.19.
in****,25.02.19.,5,25.02.19.
ks****,25.02.19.,4,25.02.19.
davi***,25.02.19.,5,25.02.19.
alsw*****,25.02.19.,4,25.02.19.
chon*****,25.02.19.,5,25.02.19.
aing*****,25.02.19.,5,25.02.19.
sag0****,25.02.19.,3,25.02.19.
lees********,25.02.19.,5,25.02.19.
wlgk*****,25.02.19.,5,25.02.19.
dkwl****,25.02.19.,5,25.02.19.
ddas****,25.02.19.,5,25.02.19.
hoa0***,25.02.19.,5,25.02.19.
chan******,25.02.19.,5,25.02.19.
imsu****,25.02.18.,5,25.02.18.
nokc****,25.02.18.,5,25.02.18.
jooh********,25.02.18.,5,25.02.18.
0107*******,25.02.18.,5,25.02.18.
jsa3******,25.02.18.,5,25.02.18.
ehj1***,25.02.18.,5,25.02.18.
pso3***,25.02.18.,5,25.02.18.
btbt*****,25.02.18.,3,25.02.18.
alsg******,25.02.18.,5,25.02.18.
rmft***,25.02.18.,5,25.02.18.
eidu****,25.02.17.,5,25.02.17.
alth****,25.02.17.,4,25.02.17.
hong**********,25.02.17.,5,25.02.17.
fhal****,25.02.17.,5,25.02.17.
dnfl******,25.02.17.,5,25.02.17.
laur******,25.02.17.,5,25.02.17.
jsy3****,25.02.17.,5,25.02.17.
hart*******,25.02.17.,5,25.02.17.
vely****,25.02.17.,5,25.02.17.
p6****,25.02.17.,5,25.02.17.
jing****,25.02.17.,5,25.02.17.
kunh*****,25.02.17.,5,25.02.17.
miy0***,25.02.17.,5,25.02.17.
eunb*****,25.02.17.,5,25.02.17.
jin_***,25.02.17.,5,25.02.17.
kang*****,25.02.17.,5,25.02.17.
ksy2*****,25.02.17.,5,25.02.17.
khe1****,25.02.17.,5,25.02.17.
uri0******,25.02.16.,5,25.02.16.
snoo*****,25.02.16.,5,25.02.16.
tlgh*******,25.02.16.,5,25.02.16.
taen***,25.02.16.,4,25.02.16.
hslu*******,25.02.16.,5,25.02.16.
semo******,25.02.16.,5,25.02.16.
harr********,25.02.16.,5,25.02.16.
mous****,25.02.16.,5,25.02.16.
95****,25.02.16.,5,25.02.16.
humo*****,25.02.16.,5,25.02.16.
yh****,25.02.16.,5,25.02.16.
love******,25.02.15.,5,25.02.15.
yjs9***,25.02.15.,5,25.02.15.
yank******,25.02.15.,5,25.02.15.
gudw******,25.02.15.,5,25.02.15.
dlgk*******,25.02.15.,5,25.02.15.
wlsd*****,25.02.15.,5,25.02.15.
park*****,25.02.15.,5,25.02.15.
alfl*****,25.02.15.,4,25.02.15.
ss****,25.02.15.,5,25.02.15.
dmsd****,25.02.15.,5,25.02.15.
cje3***,25.02.15.,5,25.02.15.
dire******,25.02.14.,5,25.02.14.
qkrq***,25.02.14.,5,25.02.14.
ett0***,25.02.14.,5,25.02.14.
qwer*****,25.02.14.,5,25.02.14.
oran****,25.02.14.,5,25.02.14.
qkde****,25.02.14.,5,25.02.14.
chae******,25.02.14.,5,25.02.14.
lisa*****,25.02.14.,5,25.02.14.
dofl********,25.02.14.,5,25.02.14.
yida****,25.02.14.,5,25.02.14.
shb0****,25.02.14.,5,25.02.14.
ally****,25.02.14.,5,25.02.14.
ro****,25.02.14.,5,25.02.14.
gwle***,25.02.14.,5,25.02.14.
terr******,25.02.13.,5,25.02.13.
itss****,25.02.13.,5,25.02.13.
oran******,25.02.13.,5,25.02.13.
wndm***,25.02.13.,5,25.02.13.
sall*****,25.02.13.,5,25.02.13.
smil*****,25.02.13.,5,25.02.13.
os****,25.02.13.,5,25.02.13.
suna*****,25.02.13.,5,25.02.13.
sk****,25.02.13.,5,25.02.13.
ja****,25.02.13.,5,25.02.13.
ajjh****,25.02.13.,5,25.02.13.
lee0***,25.02.13.,5,25.02.13.
khk6***,25.02.13.,5,25.02.13.
mi_j***,25.02.12.,5,25.02.12.
wsg8*****,25.02.12.,5,25.02.12.
sang***,25.02.12.,5,25.02.12.
pink***,25.02.12.,5,25.02.12.
dudt*******,25.02.12.,5,25.02.12.
ikem***,25.02.12.,5,25.02.12.
jh****,25.02.12.,5,25.02.12.
bomi*****,25.02.12.,5,25.02.12.
gf****,25.02.12.,5,25.02.12.
tngu****,25.02.12.,5,25.02.12.
tpdm****,25.02.12.,5,25.02.12.
chew****,25.02.12.,5,25.02.12.
keh2***,25.02.12.,5,25.02.12.
syiz****,25.02.12.,5,25.02.12.
qkrc*******,25.02.11.,5,25.02.11.
prop*****,25.02.11.,5,25.02.11.
wait******,25.02.11.,5,25.02.11.
cowj****,25.02.11.,4,25.02.11.
ov0v****,25.02.11.,5,25.02.11.
asdr*******,25.02.11.,5,25.02.11.
sun2***,25.02.11.,4,25.02.11.
ally****,25.02.10.,5,25.02.10.
chin*****,25.02.10.,5,25.02.10.
sh80****,25.02.10.,4,25.02.10.
rlar********,25.02.10.,5,25.02.10.
rain******,25.02.10.,5,25.02.10.
dodu*****,25.02.10.,5,25.02.10.
ange********,25.02.10.,5,25.02.10.
sacr****,25.02.10.,5,25.02.10.
stm6***,25.02.10.,5,25.02.10.
jess*****,25.02.10.,5,25.02.10.
jess*****,25.02.10.,5,25.02.10.
eunx****,25.02.09.,5,25.02.09.
aere****,25.02.09.,3,25.02.09.
jwon****,25.02.09.,5,25.02.09.
bles*********,25.02.09.,5,25.02.09.
ta****,25.02.09.,5,25.02.09.
ja_7***,25.02.09.,5,25.02.09.
dual*******,25.02.09.,5,25.02.09.
hyis*****,25.02.09.,5,25.02.09.
tudt*****,25.02.09.,5,25.02.09.
sima****,25.02.09.,5,25.02.09.
jeon******,25.02.09.,5,25.02.09.
malh*****,25.02.09.,5,25.02.09.
hows*****,25.02.08.,5,25.02.08.
hows*****,25.02.08.,5,25.02.08.
reds*****,25.02.08.,5,25.02.08.
art5***,25.02.08.,5,25.02.08.
hyy2***,25.02.08.,5,25.02.08.
love******,25.02.08.,5,25.02.08.
b1****,25.02.08.,5,25.02.08.
fbfl******,25.02.08.,5,25.02.08.
ppin***,25.02.08.,5,25.02.08.
saka******,25.02.08.,5,25.02.08.
3831***,25.02.08.,5,25.02.08.
syna***,25.02.08.,5,25.02.08.
th****,25.02.08.,5,25.02.08.
un****,25.02.08.,5,25.02.08.
jjy9*****,25.02.07.,5,25.02.07.
hmy0*****,25.02.07.,5,25.02.07.
gogo***,25.02.07.,5,25.02.07.
cano****,25.02.07.,5,25.02.07.
mjki****,25.02.07.,5,25.02.07.
n_nl********,25.02.07.,5,25.02.07.
du****,25.02.07.,5,25.02.07.
pink****,25.02.07.,5,25.02.07.
leom****,25.02.07.,5,25.02.07.
tk****,25.02.07.,5,25.02.07.
chdi*****,25.02.07.,5,25.02.07.
hyes*****,25.02.07.,5,25.02.07.
ju****,25.02.06.,5,25.02.06.
pian********,25.02.06.,5,25.02.06.
ohsu****,25.02.06.,5,25.02.06.
sjpo*****,25.02.06.,5,25.02.06.
iam0****,25.02.06.,5,25.02.06.
visi*****,25.02.06.,5,25.02.06.
mhj5****,25.02.06.,4,25.02.06.
pint***,25.02.06.,5,25.02.06.
u_****,25.02.06.,5,25.02.06.
pjc8*****,25.02.06.,5,25.02.06.
tjfl*****,25.02.06.,5,25.02.06.
kkan*******,25.02.05.,5,25.02.05.
june*****,25.02.05.,5,25.02.05.
we****,25.02.05.,5,25.02.05.
jwon***,25.02.05.,5,25.02.05.
keh2***,25.02.05.,5,25.02.05.
jooh********,25.02.05.,5,25.02.05.
ekgo****,25.02.05.,4,25.02.05.
gusg******,25.02.05.,5,25.02.05.
sehe*****,25.02.05.,5,25.02.05.
thfu*****,25.02.05.,5,25.02.05.
hj****,25.02.05.,5,25.02.05.
2452***,25.02.05.,5,25.02.05.
cand*****,25.02.05.,5,25.02.05.
sbon*****,25.02.05.,5,25.02.05.
cmg8***,25.02.04.,5,25.02.04.
jinf******,25.02.04.,5,25.02.04.
seon*******,25.02.04.,5,25.02.04.
flyl***,25.02.04.,5,25.02.04.
hong*****,25.02.04.,5,25.02.04.
hanh*****,25.02.04.,5,25.02.04.
heey********,25.02.04.,4,25.02.04.
lkyu******,25.02.04.,5,25.02.04.
wldu****,25.02.04.,5,25.02.04.
jy****,25.02.04.,5,25.02.04.
codm*****,25.02.04.,5,25.02.04.
soul****,25.02.04.,5,25.02.04.
na****,25.02.04.,5,25.02.04.
qorw****,25.02.04.,5,25.02.04.
sara*****,25.02.04.,5,25.02.04.
su****,25.02.04.,5,25.02.04.
yoon***,25.02.04.,4,25.02.04.
tudd****,25.02.04.,5,25.02.04.
chan********,25.02.04.,4,25.02.04.
thak*****,25.02.04.,5,25.02.04.
k4****,25.02.04.,5,25.02.04.
tjsw******,25.02.04.,5,25.02.04.
saym******,25.02.03.,5,25.02.03.
saym******,25.02.03.,5,25.02.03.
lees*******,25.02.03.,5,25.02.03.
alsw*****,25.02.03.,5,25.02.03.
buks****,25.02.03.,5,25.02.03.
snen*****,25.02.03.,5,25.02.03.
lish******,25.02.03.,5,25.02.03.
i_****,25.02.03.,5,25.02.03.
hora***,25.02.03.,5,25.02.03.
alst******,25.02.02.,5,25.02.02.
dlwl****,25.02.02.,5,25.02.02.
khj3***,25.02.02.,4,25.02.02.
tlgh*******,25.02.02.,5,25.02.02.
jung******,25.02.02.,3,25.02.02.
bell*****,25.02.02.,5,25.02.02.
onse****,25.02.02.,5,25.02.02.
nave*****,25.02.02.,5,25.02.02.
wjdg****,25.02.02.,5,25.02.02.
ss****,25.02.02.,5,25.02.02.
gwak***,25.02.02.,5,25.02.02.
yoon*****,25.02.01.,5,25.02.01.
ifb1***,25.02.01.,5,25.02.01.
bb54***,25.02.01.,5,25.02.01.
asds****,25.02.01.,5,25.02.01.
fine******,25.02.01.,5,25.02.01.
gnam***,25.02.01.,5,25.02.01.
dmsg*******,25.02.01.,5,25.02.01.
ehss****,25.02.01.,5,25.02.01.
hitj******,25.02.01.,5,25.02.01.
geum****,25.02.01.,5,25.02.01.
smar********,25.02.01.,4,25.02.01.
free******,25.01.31.,5,25.01.31.
jsd2***,25.01.31.,5,25.01.31.
yge0***,25.01.31.,5,25.01.31.
himy****,25.01.31.,5,25.01.31.
whdm******,25.01.31.,5,25.01.31.
rmaq*****,25.01.31.,5,25.01.31.
soul****,25.01.31.,5,25.01.31.
hs****,25.01.31.,5,25.01.31.
tkfk******,25.01.31.,5,25.01.31.
tkfk******,25.01.31.,5,25.01.31.
now1***,25.01.31.,5,25.01.31.
luck****,25.01.31.,5,25.01.31.
jhlo********,25.01.30.,4,25.01.30.
1987***,25.01.28.,5,25.01.28.
kiki****,25.01.28.,5,25.01.28.
0106*******,25.01.28.,5,25.01.28.
miji*******,25.01.28.,5,25.01.28.
alfo******,25.01.28.,5,25.01.28.
alsl****,25.01.28.,5,25.01.28.
tn****,25.01.28.,5,25.01.28.
tn****,25.01.28.,5,25.01.28.
hrry******,25.01.28.,5,25.01.28.
hrry******,25.01.28.,5,25.01.28.
hrry******,25.01.28.,5,25.01.28.
hotp******,25.01.28.,5,25.01.28.
ru****,25.01.27.,5,25.01.27.
tart****,25.01.27.,5,25.01.27.
chzh*******,25.01.27.,5,25.01.27.
sohy***,25.01.27.,5,25.01.27.
even***,25.01.27.,5,25.01.27.
sdwt*****,25.01.27.,5,25.01.27.
mign******,25.01.26.,5,25.01.26.
wkqn*****,25.01.26.,5,25.01.26.
kari***,25.01.26.,5,25.01.26.
seun******,25.01.26.,5,25.01.26.
spai***,25.01.26.,5,25.01.26.
pt****,25.01.26.,5,25.01.26.
db39***,25.01.26.,5,25.01.26.
asal***,25.01.26.,5,25.01.26.
juni******,25.01.26.,5,25.01.26.
dlal*******,25.01.26.,5,25.01.26.
ddoh*****,25.01.26.,5,25.01.26.
sen0***,25.01.25.,4,25.01.25.
jink*******,25.01.25.,5,25.01.25.
purg***,25.01.25.,5,25.01.25.
l990****,25.01.25.,5,25.01.25.
fhal****,25.01.25.,5,25.01.25.
xoal****,25.01.25.,5,25.01.25.
suen*******,25.01.25.,5,25.01.25.
yj_8***,25.01.25.,5,25.01.25.
ek****,25.01.25.,4,25.01.25.
tmvk*****,25.01.24.,5,25.01.24.
mylo*****,25.01.24.,5,25.01.24.
wkrl******,25.01.24.,5,25.01.24.
ame6***,25.01.24.,5,25.01.24.
dela***,25.01.24.,5,25.01.24.
pcsn***,25.01.24.,5,25.01.24.
serh******,25.01.24.,5,25.01.24.
wimd****,25.01.24.,5,25.01.24.
dkfm****,25.01.24.,5,25.01.24.
jini***,25.01.24.,5,25.01.24.
miy0***,25.01.24.,5,25.01.24.
rlag*******,25.01.24.,5,25.01.24.
rh****,25.01.23.,5,25.01.23.
gudr******,25.01.23.,5,25.01.23.
siny****,25.01.23.,5,25.01.23.
tm****,25.01.23.,5,25.01.23.
park********,25.01.22.,5,25.01.22.
mh92****,25.01.22.,4,25.01.22.
ly****,25.01.22.,4,25.01.22.
st****,25.01.22.,4,25.01.22.
iamj*****,25.01.22.,5,25.01.22.
tnwl****,25.01.22.,5,25.01.22.
gpsy****,25.01.22.,5,25.01.22.
tran******,25.01.22.,5,25.01.22.
rock****,25.01.22.,5,25.01.22.
ehj1***,25.01.22.,5,25.01.22.
3047***,25.01.22.,5,25.01.22.
xian*******,25.01.22.,5,25.01.22.
phn0***,25.01.22.,5,25.01.22.
thth****,25.01.22.,5,25.01.22.
o0****,25.01.21.,2,25.01.21.
cjs2***,25.01.21.,5,25.01.21.
good******,25.01.21.,5,25.01.21.
12****,25.01.21.,5,25.01.21.
dlrk*****,25.01.21.,5,25.01.21.
jami****,25.01.21.,5,25.01.21.
meqh*****,25.01.21.,5,25.01.21.
eun9*****,25.01.21.,4,25.01.21.
lach*******,25.01.21.,5,25.01.21.
kimy*****,25.01.21.,5,25.01.21.
feel****,25.01.21.,5,25.01.21.
godd*****,25.01.20.,5,25.01.20.
iwld*******,25.01.20.,5,25.01.20.
song******,25.01.20.,5,25.01.20.
f_****,25.01.20.,5,25.01.20.
gurl****,25.01.20.,5,25.01.20.
dkff*****,25.01.20.,5,25.01.20.
kimk*****,25.01.20.,4,25.01.20.
cjst****,25.01.20.,5,25.01.20.
gydn******,25.01.20.,5,25.01.20.
yuji*******,25.01.20.,5,25.01.20.
pyc8****,25.01.20.,5,25.01.20.
rudd*****,25.01.20.,5,25.01.20.
neul****,25.01.19.,5,25.01.19.
mc****,25.01.19.,5,25.01.19.
trus******,25.01.19.,5,25.01.19.
shny*****,25.01.19.,5,25.01.19.
grch***,25.01.19.,5,25.01.19.
eunk***,25.01.19.,4,25.01.19.
kati****,25.01.19.,4,25.01.19.
asds****,25.01.19.,5,25.01.19.
tjsw*****,25.01.19.,5,25.01.19.
labe*******,25.01.19.,5,25.01.19.
hyej****,25.01.19.,5,25.01.19.
rbgh****,25.01.19.,5,25.01.19.
nara***,25.01.19.,5,25.01.19.
yimh******,25.01.18.,5,25.01.18.
myst*****,25.01.18.,5,25.01.18.
mj****,25.01.18.,5,25.01.18.
jing****,25.01.18.,5,25.01.18.
dudd****,25.01.18.,3,25.01.18.
soje******,25.01.18.,5,25.01.18.
go****,25.01.18.,5,25.01.18.
lsi9*****,25.01.18.,5,25.01.18.
ka****,25.01.18.,5,25.01.18.
ksy8***,25.01.18.,5,25.01.18.
rkdc********,25.01.17.,5,25.01.17.
tkdk******,25.01.17.,5,25.01.17.
seje*****,25.01.17.,5,25.01.17.
dlaw*****,25.01.17.,5,25.01.17.
dbwj*****,25.01.17.,5,25.01.17.
love*****,25.01.17.,5,25.01.17.
mhki*****,25.01.17.,5,25.01.17.
5067***,25.01.17.,5,25.01.17.
shin*****,25.01.16.,5,25.01.16.
euno*****,25.01.16.,5,25.01.16.
qhgu****,25.01.16.,5,25.01.16.
alsd*****,25.01.16.,5,25.01.16.
al****,25.01.16.,5,25.01.16.
h_sy****,25.01.16.,5,25.01.16.
jsa3******,25.01.16.,5,25.01.16.
cho1***,25.01.16.,5,25.01.16.
taen***,25.01.16.,4,25.01.16.
snen*****,25.01.15.,5,25.01.15.
yura***,25.01.15.,5,25.01.15.
sall*****,25.01.15.,5,25.01.15.
uri0******,25.01.15.,4,25.01.15.
id95****,25.01.15.,5,25.01.15.
gudw******,25.01.15.,5,25.01.15.
mi****,25.01.15.,5,25.01.15.
fpem*****,25.01.15.,5,25.01.15.
chan******,25.01.14.,5,25.01.14.
thwn****,25.01.14.,5,25.01.14.
saku********,25.01.14.,5,25.01.14.
hyer*****,25.01.14.,5,25.01.14.
yimh******,25.01.14.,5,25.01.14.
in****,25.01.14.,5,25.01.14.
zzan*******,25.01.14.,5,25.01.14.
itss****,25.01.14.,5,25.01.14.
ii****,25.01.14.,5,25.01.14.
hhhh*****,25.01.13.,5,25.01.13.
kdas****,25.01.13.,5,25.01.13.
a1****,25.01.13.,5,25.01.13.
gf****,25.01.13.,5,25.01.13.
wjdt******,25.01.13.,5,25.01.13.
jsb2***,25.01.13.,5,25.01.13.
dbwj*******,25.01.13.,5,25.01.13.
gods****,25.01.13.,5,25.01.13.
fhal****,25.01.13.,5,25.01.13.
ykje******,25.01.13.,4,25.01.13.
ruil******,25.01.13.,4,25.01.13.
ohan****,25.01.13.,5,25.01.13.
psg_****,25.01.12.,5,25.01.12.
libe*****,25.01.12.,5,25.01.12.
1a****,25.01.12.,5,25.01.12.
djaw****,25.01.12.,5,25.01.12.
keep****,25.01.11.,5,25.01.11.
mira****,25.01.11.,5,25.01.11.
mcal***,25.01.11.,5,25.01.11.
ys****,25.01.11.,4,25.01.11.
shoe*******,25.01.11.,4,25.01.11.
momo***,25.01.11.,4,25.01.11.
llll****,25.01.11.,5,25.01.11.
rach******,25.01.11.,5,25.01.11.
nana*******,25.01.11.,5,25.01.11.
anyt*********,25.01.11.,5,25.01.11.
jenn*****,25.01.11.,5,25.01.11.
bo_o****,25.01.10.,5,25.01.10.
uiju******,25.01.10.,5,25.01.10.
hanh*****,25.01.10.,5,25.01.10.
daso*****,25.01.10.,5,25.01.10.
wall***,25.01.10.,5,25.01.10.
love******,25.01.10.,5,25.01.10.
alsd*****,25.01.10.,5,25.01.10.
wlsa*******,25.01.10.,5,25.01.10.
db30***,25.01.10.,5,25.01.10.
gonn********,25.01.10.,5,25.01.10.
jyj3*****,25.01.10.,5,25.01.10.
love******,25.01.10.,5,25.01.10.
op****,25.01.10.,5,25.01.10.
kfc0***,25.01.09.,4,25.01.09.
jess*****,25.01.09.,5,25.01.09.
name*****,25.01.09.,4,25.01.09.
wogn****,25.01.08.,5,25.01.08.
xoxo***,25.01.08.,5,25.01.08.
mast*******,25.01.08.,5,25.01.08.
tige******,25.01.08.,5,25.01.08.
qorw****,25.01.08.,5,25.01.08.
jooh********,25.01.08.,5,25.01.08.
hyes*****,25.01.08.,5,25.01.08.
zzin*****,25.01.08.,3,25.01.08.
kyg5***,25.01.08.,5,25.01.08.
hija***,25.01.08.,5,25.01.08.
pint***,25.01.08.,5,25.01.08.
u_****,25.01.07.,5,25.01.07.
love****,25.01.07.,5,25.01.07.
mecu******,25.01.07.,5,25.01.07.
ohsu****,25.01.07.,5,25.01.07.
soyo*****,25.01.07.,5,25.01.07.
ja****,25.01.07.,5,25.01.07.
dsds***,25.01.07.,5,25.01.07.
jiha*******,25.01.07.,5,25.01.07.
b1****,25.01.07.,5,25.01.07.
mang****,25.01.07.,4,25.01.07.
love*******,25.01.07.,5,25.01.07.
mins*******,25.01.07.,5,25.01.07.
ls****,25.01.07.,5,25.01.07.
dusw****,25.01.07.,5,25.01.07.
hara****,25.01.07.,5,25.01.07.
pmk3***,25.01.06.,5,25.01.06.
cowj****,25.01.06.,4,25.01.06.
yank******,25.01.06.,4,25.01.06.
jey8***,25.01.06.,5,25.01.06.
love*******,25.01.06.,5,25.01.06.
godn******,25.01.06.,5,25.01.06.
tpfk********,25.01.06.,5,25.01.06.
88hy***,25.01.06.,5,25.01.06.
yksj****,25.01.06.,5,25.01.06.
myli****,25.01.06.,5,25.01.06.
jjy9*****,25.01.05.,5,25.01.05.
skae*******,25.01.05.,5,25.01.05.
jomi*****,25.01.05.,4,25.01.05.
qsef****,25.01.05.,5,25.01.05.
hana******,25.01.05.,5,25.01.05.
shin******,25.01.05.,5,25.01.05.
